"eco_type","laufnummer","site","sample","location","sample_row","sample_nr","latitude_sample","longitude_sample","habitat","latitude_site","longitude_site","year","age_system","water_body_type","size_of_water_body","type_of_habitat","standort_dammrevier","ecomorphology","expected_impact","beaver_pool_size_m","circumference_pool","area_pool","length_pool","areapercirc_pool","dam_during_field_season","control_site","height_plot_1_above_water_level"
"terrestrial",1,"Tegel","Control_1","Control","Control",1,47.55452,8.86189,"shrub",47.55452,8.86189,2021,12,"stream","big","open","lower",2,1,6,382,728,187,1.90575916230367,"no, water mainly flowing","downstream","generally about 50 cm, steep board"
"terrestrial",2,"Tegel","Control_2","Control","Control",2,47.55462,8.86182,"meadow",47.55452,8.86189,2021,12,"stream","big","open","lower",2,1,6,382,728,187,1.90575916230367,"no, water mainly flowing","downstream","generally about 50 cm, steep board"
"terrestrial",3,"Tegel","Control_3","Control","Control",3,47.55477,8.86174,"meadow",47.55452,8.86189,2021,12,"stream","big","open","lower",2,1,6,382,728,187,1.90575916230367,"no, water mainly flowing","downstream","generally about 50 cm, steep board"
"terrestrial",4,"Tegel","Inflow_1","Inflow","Inflow",1,47.55276,8.85178,"shrub",47.55452,8.86189,2021,12,"stream","big","open","lower",2,1,6,382,728,187,1.90575916230367,"no, water mainly flowing","downstream","generally about 50 cm, steep board"
"terrestrial",5,"Tegel","Inflow_2","Inflow","Inflow",2,47.55287,8.85177,"potato",47.55452,8.86189,2021,12,"stream","big","open","lower",2,1,6,382,728,187,1.90575916230367,"no, water mainly flowing","downstream","generally about 50 cm, steep board"
"terrestrial",6,"Tegel","Inflow_3","Inflow","Inflow",3,47.55302,8.85171,"potato",47.55452,8.86189,2021,12,"stream","big","open","lower",2,1,6,382,728,187,1.90575916230367,"no, water mainly flowing","downstream","generally about 50 cm, steep board"
"terrestrial",7,"Tegel","Pool_1","Pool","Pool",1,47.55315,8.85419,"shrub",47.55452,8.86189,2021,12,"stream","big","open","lower",2,1,6,382,728,187,1.90575916230367,"no, water mainly flowing","downstream","generally about 50 cm, steep board"
"terrestrial",8,"Tegel","Pool_2","Pool","Pool",2,47.55325,8.85415,"potato",47.55452,8.86189,2021,12,"stream","big","open","lower",2,1,6,382,728,187,1.90575916230367,"no, water mainly flowing","downstream","generally about 50 cm, steep board"
"terrestrial",9,"Tegel","Pool_3","Pool","Pool",3,47.55342,8.8541,"potato",47.55452,8.86189,2021,12,"stream","big","open","lower",2,1,6,382,728,187,1.90575916230367,"no, water mainly flowing","downstream","generally about 50 cm, steep board"
"terrestrial",10,"Tegel","Outflow_1","Outflow","Outflow",1,47.55316,8.85425,"shrub",47.55452,8.86189,2021,12,"stream","big","open","lower",2,1,6,382,728,187,1.90575916230367,"no, water mainly flowing","downstream","generally about 50 cm, steep board"
"terrestrial",11,"Tegel","Outflow_2","Outflow","Outflow",2,47.55327,8.8542,"potato",47.55452,8.86189,2021,12,"stream","big","open","lower",2,1,6,382,728,187,1.90575916230367,"no, water mainly flowing","downstream","generally about 50 cm, steep board"
"terrestrial",12,"Tegel","Outflow_3","Outflow","Outflow",3,47.55343,8.85415,"potato",47.55452,8.86189,2021,12,"stream","big","open","lower",2,1,6,382,728,187,1.90575916230367,"no, water mainly flowing","downstream","generally about 50 cm, steep board"
"terrestrial",13,"Gile","Control_1","Control","Control",1,47.59418,8.76046,"forest",47.59317,8.75724,2021,5,"stream","medium","open","mid",3,2,2.5,59,57,27,0.966101694915254,"traces, water still dammed","upstream","generally about 20 cm, quite flat"
"terrestrial",14,"Gile","Control_2","Control","Control",2,47.59425,8.76044,"forest",47.59317,8.75724,2021,5,"stream","medium","open","mid",3,2,2.5,59,57,27,0.966101694915254,"traces, water still dammed","upstream","generally about 20 cm, quite flat"
"terrestrial",15,"Gile","Control_3","Control","Control",3,47.5943,8.76044,"stinging_nettle",47.59317,8.75724,2021,5,"stream","medium","open","mid",3,2,2.5,59,57,27,0.966101694915254,"traces, water still dammed","upstream","generally about 20 cm, quite flat"
"terrestrial",16,"Gile","Inflow_1","Inflow","Inflow",1,47.59331,8.75763,"forest",47.59317,8.75724,2021,5,"stream","medium","open","mid",3,2,2.5,59,57,27,0.966101694915254,"traces, water still dammed","upstream","generally about 20 cm, quite flat"
"terrestrial",17,"Gile","Inflow_2","Inflow","Inflow",2,47.59335,8.7576,"forest",47.59317,8.75724,2021,5,"stream","medium","open","mid",3,2,2.5,59,57,27,0.966101694915254,"traces, water still dammed","upstream","generally about 20 cm, quite flat"
"terrestrial",18,"Gile","Inflow_3","Inflow","Inflow",3,47.5934,8.75755,"meadow",47.59317,8.75724,2021,5,"stream","medium","open","mid",3,2,2.5,59,57,27,0.966101694915254,"traces, water still dammed","upstream","generally about 20 cm, quite flat"
"terrestrial",19,"Gile","Pool_1","Pool","Pool",1,47.59321,8.75733,"forest",47.59317,8.75724,2021,5,"stream","medium","open","mid",3,2,2.5,59,57,27,0.966101694915254,"traces, water still dammed","upstream","generally about 20 cm, quite flat"
"terrestrial",20,"Gile","Pool_2","Pool","Pool",2,47.59324,8.7573,"forest",47.59317,8.75724,2021,5,"stream","medium","open","mid",3,2,2.5,59,57,27,0.966101694915254,"traces, water still dammed","upstream","generally about 20 cm, quite flat"
"terrestrial",21,"Gile","Pool_3","Pool","Pool",3,47.59332,8.75726,"meadow",47.59317,8.75724,2021,5,"stream","medium","open","mid",3,2,2.5,59,57,27,0.966101694915254,"traces, water still dammed","upstream","generally about 20 cm, quite flat"
"terrestrial",22,"Gile","Outflow_1","Outflow","Outflow",1,47.59318,8.75723,"forest",47.59317,8.75724,2021,5,"stream","medium","open","mid",3,2,2.5,59,57,27,0.966101694915254,"traces, water still dammed","upstream","generally about 20 cm, quite flat"
"terrestrial",23,"Gile","Outflow_2","Outflow","Outflow",2,47.59322,8.75719,"forest",47.59317,8.75724,2021,5,"stream","medium","open","mid",3,2,2.5,59,57,27,0.966101694915254,"traces, water still dammed","upstream","generally about 20 cm, quite flat"
"terrestrial",24,"Gile","Outflow_3","Outflow","Outflow",3,47.59328,8.75713,"meadow",47.59317,8.75724,2021,5,"stream","medium","open","mid",3,2,2.5,59,57,27,0.966101694915254,"traces, water still dammed","upstream","generally about 20 cm, quite flat"
"terrestrial",25,"Ellikon","Control_1","Control","Control",1,47.554,8.8072,"embankment",47.55402,8.80721,2021,8,"stream","medium","open","mid",3,1,6,232,451,110,1.94396551724138,"yes","upstream","elevated about 50 cm higher throughout site, break-off edge"
"terrestrial",26,"Ellikon","Control_2","Control","Control",2,47.55388,8.80726,"meadow",47.55402,8.80721,2021,8,"stream","medium","open","mid",3,1,6,232,451,110,1.94396551724138,"yes","upstream","elevated about 50 cm higher throughout site, break-off edge"
"terrestrial",27,"Ellikon","Control_3","Control","Control",3,47.55374,8.80735,"meadow",47.55402,8.80721,2021,8,"stream","medium","open","mid",3,1,6,232,451,110,1.94396551724138,"yes","upstream","elevated about 50 cm higher throughout site, break-off edge"
"terrestrial",28,"Ellikon","Inflow_1","Inflow","Inflow",1,47.5557,8.80979,"embankment",47.55402,8.80721,2021,8,"stream","medium","open","mid",3,1,6,232,451,110,1.94396551724138,"yes","upstream","elevated about 50 cm higher throughout site, break-off edge"
"terrestrial",29,"Ellikon","Inflow_2","Inflow","Inflow",2,47.55567,8.8099,"meadow",47.55402,8.80721,2021,8,"stream","medium","open","mid",3,1,6,232,451,110,1.94396551724138,"yes","upstream","elevated about 50 cm higher throughout site, break-off edge"
"terrestrial",30,"Ellikon","Inflow_3","Inflow","Inflow",3,47.5556,8.81017,"meadow",47.55402,8.80721,2021,8,"stream","medium","open","mid",3,1,6,232,451,110,1.94396551724138,"yes","upstream","elevated about 50 cm higher throughout site, break-off edge"
"terrestrial",31,"Ellikon","Pool_1","Pool","Pool",1,47.5562,8.81096,"meadow",47.55402,8.80721,2021,8,"stream","medium","open","mid",3,1,6,232,451,110,1.94396551724138,"yes","upstream","elevated about 50 cm higher throughout site, break-off edge"
"terrestrial",32,"Ellikon","Pool_2","Pool","Pool",2,47.55609,8.81103,"meadow",47.55402,8.80721,2021,8,"stream","medium","open","mid",3,1,6,232,451,110,1.94396551724138,"yes","upstream","elevated about 50 cm higher throughout site, break-off edge"
"terrestrial",33,"Ellikon","Pool_3","Pool","Pool",3,47.55596,8.81113,"meadow",47.55402,8.80721,2021,8,"stream","medium","open","mid",3,1,6,232,451,110,1.94396551724138,"yes","upstream","elevated about 50 cm higher throughout site, break-off edge"
"terrestrial",34,"Ellikon","Outflow_1","Outflow","Outflow",1,47.55637,8.81127,"meadow",47.55402,8.80721,2021,8,"stream","medium","open","mid",3,1,6,232,451,110,1.94396551724138,"yes","upstream","elevated about 50 cm higher throughout site, break-off edge"
"terrestrial",35,"Ellikon","Outflow_2","Outflow","Outflow",2,47.55633,8.81143,"meadow",47.55402,8.80721,2021,8,"stream","medium","open","mid",3,1,6,232,451,110,1.94396551724138,"yes","upstream","elevated about 50 cm higher throughout site, break-off edge"
"terrestrial",36,"Ellikon","Outflow_3","Outflow","Outflow",3,47.55624,8.81162,"meadow",47.55402,8.80721,2021,8,"stream","medium","open","mid",3,1,6,232,451,110,1.94396551724138,"yes","upstream","elevated about 50 cm higher throughout site, break-off edge"
"terrestrial",37,"Hemishofen","Control_1","Control","Control",1,47.68429,8.84098,"forest",47.68361,8.84713,2021,14,"stream","medium","open","upper",2,2,13,151,249,62,1.64900662251656,"main dam broken","downstream","Inflow, Pool 50 cm, Outflow 30 cm, Control 30 cm"
"terrestrial",38,"Hemishofen","Control_2","Control","Control",2,47.6845,8.84085,"wheat",47.68361,8.84713,2021,14,"stream","medium","open","upper",2,2,13,151,249,62,1.64900662251656,"main dam broken","downstream","Inflow, Pool 50 cm, Outflow 30 cm, Control 30 cm"
"terrestrial",39,"Hemishofen","Control_3","Control","Control",3,47.6848,8.84072,"wheat",47.68361,8.84713,2021,14,"stream","medium","open","upper",2,2,13,151,249,62,1.64900662251656,"main dam broken","downstream","Inflow, Pool 50 cm, Outflow 30 cm, Control 30 cm"
"terrestrial",40,"Hemishofen","Inflow_1","Inflow","Inflow",1,47.68259,8.84665,"forest",47.68361,8.84713,2021,14,"stream","medium","open","upper",2,2,13,151,249,62,1.64900662251656,"main dam broken","downstream","Inflow, Pool 50 cm, Outflow 30 cm, Control 30 cm"
"terrestrial",41,"Hemishofen","Inflow_2","Inflow","Inflow",2,47.68269,8.84692,"forest",47.68361,8.84713,2021,14,"stream","medium","open","upper",2,2,13,151,249,62,1.64900662251656,"main dam broken","downstream","Inflow, Pool 50 cm, Outflow 30 cm, Control 30 cm"
"terrestrial",42,"Hemishofen","Inflow_3","Inflow","Inflow",3,47.68285,8.84745,"forest",47.68361,8.84713,2021,14,"stream","medium","open","upper",2,2,13,151,249,62,1.64900662251656,"main dam broken","downstream","Inflow, Pool 50 cm, Outflow 30 cm, Control 30 cm"
"terrestrial",43,"Hemishofen","Pool_1","Pool","Pool",1,47.68299,8.84704,"forest",47.68361,8.84713,2021,14,"stream","medium","open","upper",2,2,13,151,249,62,1.64900662251656,"main dam broken","downstream","Inflow, Pool 50 cm, Outflow 30 cm, Control 30 cm"
"terrestrial",44,"Hemishofen","Pool_2","Pool","Pool",2,47.68312,8.84726,"forest",47.68361,8.84713,2021,14,"stream","medium","open","upper",2,2,13,151,249,62,1.64900662251656,"main dam broken","downstream","Inflow, Pool 50 cm, Outflow 30 cm, Control 30 cm"
"terrestrial",45,"Hemishofen","Pool_3","Pool","Pool",3,47.68338,8.84769,"forest",47.68361,8.84713,2021,14,"stream","medium","open","upper",2,2,13,151,249,62,1.64900662251656,"main dam broken","downstream","Inflow, Pool 50 cm, Outflow 30 cm, Control 30 cm"
"terrestrial",46,"Hemishofen","Outflow_1","Outflow","Outflow",1,47.68318,8.84661,"forest",47.68361,8.84713,2021,14,"stream","medium","open","upper",2,2,13,151,249,62,1.64900662251656,"main dam broken","downstream","Inflow, Pool 50 cm, Outflow 30 cm, Control 30 cm"
"terrestrial",47,"Hemishofen","Outflow_2","Outflow","Outflow",2,47.68334,8.84682,"forest",47.68361,8.84713,2021,14,"stream","medium","open","upper",2,2,13,151,249,62,1.64900662251656,"main dam broken","downstream","Inflow, Pool 50 cm, Outflow 30 cm, Control 30 cm"
"terrestrial",48,"Hemishofen","Outflow_3","Outflow","Outflow",3,47.68361,8.84713,"forest",47.68361,8.84713,2021,14,"stream","medium","open","upper",2,2,13,151,249,62,1.64900662251656,"main dam broken","downstream","Inflow, Pool 50 cm, Outflow 30 cm, Control 30 cm"
"terrestrial",49,"Nider","Control_1","Control","Control",1,47.60543,8.62667,"forest",47.60543,8.62667,2021,12,"stream","medium","Forest","mid",1,4,30,1550,30231,646,19.5038709677419,"traces, water still dammed","downstream","Outflow 50 cm, Pool 5 cm, Inflow + Control about 40 cm"
"terrestrial",50,"Nider","Control_2","Control","Control",2,47.60487,8.62715,"forest",47.60543,8.62667,2021,12,"stream","medium","Forest","mid",1,4,30,1550,30231,646,19.5038709677419,"traces, water still dammed","downstream","Outflow 50 cm, Pool 5 cm, Inflow + Control about 40 cm"
"terrestrial",51,"Nider","Control_3","Control","Control",3,47.6042,8.62787,"forest",47.60543,8.62667,2021,12,"stream","medium","Forest","mid",1,4,30,1550,30231,646,19.5038709677419,"traces, water still dammed","downstream","Outflow 50 cm, Pool 5 cm, Inflow + Control about 40 cm"
"terrestrial",52,"Nider","Inflow_1","Inflow","Inflow",1,47.61495,8.62815,"embankment",47.60543,8.62667,2021,12,"stream","medium","Forest","mid",1,4,30,1550,30231,646,19.5038709677419,"traces, water still dammed","downstream","Outflow 50 cm, Pool 5 cm, Inflow + Control about 40 cm"
"terrestrial",53,"Nider","Inflow_2","Inflow","Inflow",2,47.61484,8.62872,"forest",47.60543,8.62667,2021,12,"stream","medium","Forest","mid",1,4,30,1550,30231,646,19.5038709677419,"traces, water still dammed","downstream","Outflow 50 cm, Pool 5 cm, Inflow + Control about 40 cm"
"terrestrial",54,"Nider","Inflow_3","Inflow","Inflow",3,47.61468,8.62979,"forest",47.60543,8.62667,2021,12,"stream","medium","Forest","mid",1,4,30,1550,30231,646,19.5038709677419,"traces, water still dammed","downstream","Outflow 50 cm, Pool 5 cm, Inflow + Control about 40 cm"
"terrestrial",55,"Nider","Pool_1","Pool","Pool",1,47.60923,8.62789,"forest",47.60543,8.62667,2021,12,"stream","medium","Forest","mid",1,4,30,1550,30231,646,19.5038709677419,"traces, water still dammed","downstream","Outflow 50 cm, Pool 5 cm, Inflow + Control about 40 cm"
"terrestrial",56,"Nider","Pool_2","Pool","Pool",2,47.60922,8.62872,"forest",47.60543,8.62667,2021,12,"stream","medium","Forest","mid",1,4,30,1550,30231,646,19.5038709677419,"traces, water still dammed","downstream","Outflow 50 cm, Pool 5 cm, Inflow + Control about 40 cm"
"terrestrial",57,"Nider","Pool_3","Pool","Pool",3,47.60886,8.62981,"forest",47.60543,8.62667,2021,12,"stream","medium","Forest","mid",1,4,30,1550,30231,646,19.5038709677419,"traces, water still dammed","downstream","Outflow 50 cm, Pool 5 cm, Inflow + Control about 40 cm"
"terrestrial",58,"Nider","Outflow_1","Outflow","Outflow",1,47.60901,8.62765,"forest",47.60543,8.62667,2021,12,"stream","medium","Forest","mid",1,4,30,1550,30231,646,19.5038709677419,"traces, water still dammed","downstream","Outflow 50 cm, Pool 5 cm, Inflow + Control about 40 cm"
"terrestrial",59,"Nider","Outflow_2","Outflow","Outflow",2,47.60889,8.62842,"forest",47.60543,8.62667,2021,12,"stream","medium","Forest","mid",1,4,30,1550,30231,646,19.5038709677419,"traces, water still dammed","downstream","Outflow 50 cm, Pool 5 cm, Inflow + Control about 40 cm"
"terrestrial",60,"Nider","Outflow_3","Outflow","Outflow",3,47.60872,8.62965,"forest",47.60543,8.62667,2021,12,"stream","medium","Forest","mid",1,4,30,1550,30231,646,19.5038709677419,"traces, water still dammed","downstream","Outflow 50 cm, Pool 5 cm, Inflow + Control about 40 cm"
"terrestrial",61,"Logge","Control_1","Control","Control",1,47.62337,9.18273,"forest",47.62019,9.18029,2021,9,"ditch","small","Forest","mid",3,4,4,967,5781,397,5.97828335056877,"yes","downstream","Control within the river bed, ca 50 cm, Outflow already slope 75 cm, Pool + Inflow 20 cm"
"terrestrial",62,"Logge","Control_2","Control","Control",2,47.62339,9.18266,"forest",47.62019,9.18029,2021,9,"ditch","small","Forest","mid",3,4,4,967,5781,397,5.97828335056877,"yes","downstream","Control within the river bed, ca 50 cm, Outflow already slope 75 cm, Pool + Inflow 20 cm"
"terrestrial",63,"Logge","Control_3","Control","Control",3,47.62343,9.18254,"forest",47.62019,9.18029,2021,9,"ditch","small","Forest","mid",3,4,4,967,5781,397,5.97828335056877,"yes","downstream","Control within the river bed, ca 50 cm, Outflow already slope 75 cm, Pool + Inflow 20 cm"
"terrestrial",64,"Logge","Inflow_1","Inflow","Inflow",1,47.61748,9.1764,"forest",47.62019,9.18029,2021,9,"ditch","small","Forest","mid",3,4,4,967,5781,397,5.97828335056877,"yes","downstream","Control within the river bed, ca 50 cm, Outflow already slope 75 cm, Pool + Inflow 20 cm"
"terrestrial",65,"Logge","Inflow_2","Inflow","Inflow",2,47.61751,9.17637,"forest",47.62019,9.18029,2021,9,"ditch","small","Forest","mid",3,4,4,967,5781,397,5.97828335056877,"yes","downstream","Control within the river bed, ca 50 cm, Outflow already slope 75 cm, Pool + Inflow 20 cm"
"terrestrial",66,"Logge","Inflow_3","Inflow","Inflow",3,47.61758,9.17625,"forest",47.62019,9.18029,2021,9,"ditch","small","Forest","mid",3,4,4,967,5781,397,5.97828335056877,"yes","downstream","Control within the river bed, ca 50 cm, Outflow already slope 75 cm, Pool + Inflow 20 cm"
"terrestrial",67,"Logge","Pool_1","Pool","Pool",1,47.61958,9.18048,"forest",47.62019,9.18029,2021,9,"ditch","small","Forest","mid",3,4,4,967,5781,397,5.97828335056877,"yes","downstream","Control within the river bed, ca 50 cm, Outflow already slope 75 cm, Pool + Inflow 20 cm"
"terrestrial",68,"Logge","Pool_2","Pool","Pool",2,47.61958,9.18039,"forest",47.62019,9.18029,2021,9,"ditch","small","Forest","mid",3,4,4,967,5781,397,5.97828335056877,"yes","downstream","Control within the river bed, ca 50 cm, Outflow already slope 75 cm, Pool + Inflow 20 cm"
"terrestrial",69,"Logge","Pool_3","Pool","Pool",3,47.61959,9.18023,"forest",47.62019,9.18029,2021,9,"ditch","small","Forest","mid",3,4,4,967,5781,397,5.97828335056877,"yes","downstream","Control within the river bed, ca 50 cm, Outflow already slope 75 cm, Pool + Inflow 20 cm"
"terrestrial",70,"Logge","Outflow_1","Outflow","Outflow",1,47.62013,9.18055,"forest",47.62019,9.18029,2021,9,"ditch","small","Forest","mid",3,4,4,967,5781,397,5.97828335056877,"yes","downstream","Control within the river bed, ca 50 cm, Outflow already slope 75 cm, Pool + Inflow 20 cm"
"terrestrial",71,"Logge","Outflow_2","Outflow","Outflow",2,47.62016,9.18045,"forest",47.62019,9.18029,2021,9,"ditch","small","Forest","mid",3,4,4,967,5781,397,5.97828335056877,"yes","downstream","Control within the river bed, ca 50 cm, Outflow already slope 75 cm, Pool + Inflow 20 cm"
"terrestrial",72,"Logge","Outflow_3","Outflow","Outflow",3,47.62019,9.18029,"forest",47.62019,9.18029,2021,9,"ditch","small","Forest","mid",3,4,4,967,5781,397,5.97828335056877,"yes","downstream","Control within the river bed, ca 50 cm, Outflow already slope 75 cm, Pool + Inflow 20 cm"
"terrestrial",73,"Rot","Control_1","Control","Control",1,47.08982,7.77282,"embankment",47.08982,7.77282,2021,4,"stream","small","Forest","lower",2,3,11,133,212,62,1.59398496240602,"traces, water mainly flowing","upstream","elevated about 75cm with break-off edge"
"terrestrial",74,"Rot","Control_2","Control","Control",2,47.08977,7.77284,"meadow",47.08982,7.77282,2021,4,"stream","small","Forest","lower",2,3,11,133,212,62,1.59398496240602,"traces, water mainly flowing","upstream","elevated about 75cm with break-off edge"
"terrestrial",75,"Rot","Control_3","Control","Control",3,47.08968,7.77285,"meadow",47.08982,7.77282,2021,4,"stream","small","Forest","lower",2,3,11,133,212,62,1.59398496240602,"traces, water mainly flowing","upstream","elevated about 75cm with break-off edge"
"terrestrial",76,"Rot","Inflow_1","Inflow","Inflow",1,47.08691,7.76557,"embankment",47.08982,7.77282,2021,4,"stream","small","Forest","lower",2,3,11,133,212,62,1.59398496240602,"traces, water mainly flowing","upstream","elevated about 75cm with break-off edge"
"terrestrial",77,"Rot","Inflow_2","Inflow","Inflow",2,47.08688,7.76559,"meadow",47.08982,7.77282,2021,4,"stream","small","Forest","lower",2,3,11,133,212,62,1.59398496240602,"traces, water mainly flowing","upstream","elevated about 75cm with break-off edge"
"terrestrial",78,"Rot","Inflow_3","Inflow","Inflow",3,47.0868,7.76568,"meadow",47.08982,7.77282,2021,4,"stream","small","Forest","lower",2,3,11,133,212,62,1.59398496240602,"traces, water mainly flowing","upstream","elevated about 75cm with break-off edge"
"terrestrial",79,"Rot","Pool_1","Pool","Pool",1,47.08719,7.76628,"embankment",47.08982,7.77282,2021,4,"stream","small","Forest","lower",2,3,11,133,212,62,1.59398496240602,"traces, water mainly flowing","upstream","elevated about 75cm with break-off edge"
"terrestrial",80,"Rot","Pool_2","Pool","Pool",2,47.08715,7.76631,"meadow",47.08982,7.77282,2021,4,"stream","small","Forest","lower",2,3,11,133,212,62,1.59398496240602,"traces, water mainly flowing","upstream","elevated about 75cm with break-off edge"
"terrestrial",81,"Rot","Pool_3","Pool","Pool",3,47.08709,7.7664,"meadow",47.08982,7.77282,2021,4,"stream","small","Forest","lower",2,3,11,133,212,62,1.59398496240602,"traces, water mainly flowing","upstream","elevated about 75cm with break-off edge"
"terrestrial",82,"Rot","Outflow_1","Outflow","Outflow",1,47.08732,7.76657,"embankment",47.08982,7.77282,2021,4,"stream","small","Forest","lower",2,3,11,133,212,62,1.59398496240602,"traces, water mainly flowing","upstream","elevated about 75cm with break-off edge"
"terrestrial",83,"Rot","Outflow_2","Outflow","Outflow",2,47.0873,7.76665,"meadow",47.08982,7.77282,2021,4,"stream","small","Forest","lower",2,3,11,133,212,62,1.59398496240602,"traces, water mainly flowing","upstream","elevated about 75cm with break-off edge"
"terrestrial",84,"Rot","Outflow_3","Outflow","Outflow",3,47.08722,7.76674,"meadow",47.08982,7.77282,2021,4,"stream","small","Forest","lower",2,3,11,133,212,62,1.59398496240602,"traces, water mainly flowing","upstream","elevated about 75cm with break-off edge"
"terrestrial",85,"Biber","Control_1","Control","Control",1,47.69095,8.81503,"embankment",47.69095,8.81503,2021,5,"stream","medium","Forest","mid",3,3,3,279,935,129,3.35125448028674,"no, water flowing","upstream","elevated, Control 180 cm, Inflow 70 cm, Pool 50 cm, Outflow 20 cm"
"terrestrial",86,"Biber","Control_2","Control","Control",2,47.69099,8.8153,"stinging_nettle",47.69095,8.81503,2021,5,"stream","medium","Forest","mid",3,3,3,279,935,129,3.35125448028674,"no, water flowing","upstream","elevated, Control 180 cm, Inflow 70 cm, Pool 50 cm, Outflow 20 cm"
"terrestrial",87,"Biber","Control_3","Control","Control",3,47.69108,8.8157,"stinging_nettle",47.69095,8.81503,2021,5,"stream","medium","Forest","mid",3,3,3,279,935,129,3.35125448028674,"no, water flowing","upstream","elevated, Control 180 cm, Inflow 70 cm, Pool 50 cm, Outflow 20 cm"
"terrestrial",88,"Biber","Inflow_1","Inflow","Inflow",1,47.68794,8.81478,"embankment",47.69095,8.81503,2021,5,"stream","medium","Forest","mid",3,3,3,279,935,129,3.35125448028674,"no, water flowing","upstream","elevated, Control 180 cm, Inflow 70 cm, Pool 50 cm, Outflow 20 cm"
"terrestrial",89,"Biber","Inflow_2","Inflow","Inflow",2,47.6879,8.81508,"meadow",47.69095,8.81503,2021,5,"stream","medium","Forest","mid",3,3,3,279,935,129,3.35125448028674,"no, water flowing","upstream","elevated, Control 180 cm, Inflow 70 cm, Pool 50 cm, Outflow 20 cm"
"terrestrial",90,"Biber","Inflow_3","Inflow","Inflow",3,47.68783,8.81553,"meadow",47.69095,8.81503,2021,5,"stream","medium","Forest","mid",3,3,3,279,935,129,3.35125448028674,"no, water flowing","upstream","elevated, Control 180 cm, Inflow 70 cm, Pool 50 cm, Outflow 20 cm"
"terrestrial",91,"Biber","Pool_1","Pool","Pool",1,47.68689,8.8142,"embankment",47.69095,8.81503,2021,5,"stream","medium","Forest","mid",3,3,3,279,935,129,3.35125448028674,"no, water flowing","upstream","elevated, Control 180 cm, Inflow 70 cm, Pool 50 cm, Outflow 20 cm"
"terrestrial",92,"Biber","Pool_2","Pool","Pool",2,47.68678,8.81447,"stinging_nettle",47.69095,8.81503,2021,5,"stream","medium","Forest","mid",3,3,3,279,935,129,3.35125448028674,"no, water flowing","upstream","elevated, Control 180 cm, Inflow 70 cm, Pool 50 cm, Outflow 20 cm"
"terrestrial",93,"Biber","Pool_3","Pool","Pool",3,47.6867,8.81483,"meadow",47.69095,8.81503,2021,5,"stream","medium","Forest","mid",3,3,3,279,935,129,3.35125448028674,"no, water flowing","upstream","elevated, Control 180 cm, Inflow 70 cm, Pool 50 cm, Outflow 20 cm"
"terrestrial",94,"Biber","Outflow_1","Outflow","Outflow",1,47.68662,8.81413,"shrub",47.69095,8.81503,2021,5,"stream","medium","Forest","mid",3,3,3,279,935,129,3.35125448028674,"no, water flowing","upstream","elevated, Control 180 cm, Inflow 70 cm, Pool 50 cm, Outflow 20 cm"
"terrestrial",95,"Biber","Outflow_2","Outflow","Outflow",2,47.6866,8.81439,"meadow",47.69095,8.81503,2021,5,"stream","medium","Forest","mid",3,3,3,279,935,129,3.35125448028674,"no, water flowing","upstream","elevated, Control 180 cm, Inflow 70 cm, Pool 50 cm, Outflow 20 cm"
"terrestrial",96,"Biber","Outflow_3","Outflow","Outflow",3,47.68649,8.81481,"meadow",47.69095,8.81503,2021,5,"stream","medium","Forest","mid",3,3,3,279,935,129,3.35125448028674,"no, water flowing","upstream","elevated, Control 180 cm, Inflow 70 cm, Pool 50 cm, Outflow 20 cm"
"terrestrial",129,"Chriesbach","Control_1","Control","Control",1,47.406719,8.6221082,"embankment",47.408407,8.628318,2022,4,"stream","big","open","lower",3,1,8,660,2202,225,3.33636363636364,"yes","downstream","Control 30 cm, Inflow 5 cm, Pool 5 cm, Outflow 40 cm"
"terrestrial",130,"Chriesbach","Control_2","Control","Control",2,47.40687,8.6220878,"field",47.408407,8.628318,2022,4,"stream","big","open","lower",3,1,8,660,2202,225,3.33636363636364,"yes","downstream","Control 30 cm, Inflow 5 cm, Pool 5 cm, Outflow 40 cm"
"terrestrial",131,"Chriesbach","Inflow_1","Inflow","Inflow",1,47.41038,8.628737,"embankment",47.408407,8.628318,2022,4,"stream","big","open","lower",3,1,8,660,2202,225,3.33636363636364,"yes","downstream","Control 30 cm, Inflow 5 cm, Pool 5 cm, Outflow 40 cm"
"terrestrial",132,"Chriesbach","Inflow_2","Inflow","Inflow",2,47.4104,8.6285415,"forest",47.408407,8.628318,2022,4,"stream","big","open","lower",3,1,8,660,2202,225,3.33636363636364,"yes","downstream","Control 30 cm, Inflow 5 cm, Pool 5 cm, Outflow 40 cm"
"terrestrial",133,"Chriesbach","Pool_1","Pool","Pool",1,47.408572,8.628514,"embankment",47.408407,8.628318,2022,4,"stream","big","open","lower",3,1,8,660,2202,225,3.33636363636364,"yes","downstream","Control 30 cm, Inflow 5 cm, Pool 5 cm, Outflow 40 cm"
"terrestrial",134,"Chriesbach","Pool_2","Pool","Pool",2,47.408642,8.6284144,"forest",47.408407,8.628318,2022,4,"stream","big","open","lower",3,1,8,660,2202,225,3.33636363636364,"yes","downstream","Control 30 cm, Inflow 5 cm, Pool 5 cm, Outflow 40 cm"
"terrestrial",135,"Chriesbach","Outflow_1","Outflow","Outflow",1,47.408358,8.6280751,"embankment",47.408407,8.628318,2022,4,"stream","big","open","lower",3,1,8,660,2202,225,3.33636363636364,"yes","downstream","Control 30 cm, Inflow 5 cm, Pool 5 cm, Outflow 40 cm"
"terrestrial",136,"Chriesbach","Outflow_2","Outflow","Outflow",2,47.408492,8.6279705,"meadow",47.408407,8.628318,2022,4,"stream","big","open","lower",3,1,8,660,2202,225,3.33636363636364,"yes","downstream","Control 30 cm, Inflow 5 cm, Pool 5 cm, Outflow 40 cm"
"terrestrial",141,"Leugene","Control_1","Control","Control",1,47.170763,7.3294246,"embankment",47.169156,7.323065,2022,5,"stream","medium","open","upper",3,1,5,217,212,105,0.976958525345622,"yes","upstream","Control 20 cm, Inflow 25 cm, Pool 50 cm, Outflow 10 cm"
"terrestrial",142,"Leugene","Control_2","Control","Control",2,47.170674,7.3294733,"meadow",47.169156,7.323065,2022,5,"stream","medium","open","upper",3,1,5,217,212,105,0.976958525345622,"yes","upstream","Control 20 cm, Inflow 25 cm, Pool 50 cm, Outflow 10 cm"
"terrestrial",143,"Leugene","Inflow_1","Inflow","Inflow",1,47.168739,7.3217646,"embankment",47.169156,7.323065,2022,5,"stream","medium","open","upper",3,1,5,217,212,105,0.976958525345622,"yes","upstream","Control 20 cm, Inflow 25 cm, Pool 50 cm, Outflow 10 cm"
"terrestrial",144,"Leugene","Inflow_2","Inflow","Inflow",2,47.168632,7.3218209,"meadow",47.169156,7.323065,2022,5,"stream","medium","open","upper",3,1,5,217,212,105,0.976958525345622,"yes","upstream","Control 20 cm, Inflow 25 cm, Pool 50 cm, Outflow 10 cm"
"terrestrial",145,"Leugene","Pool_1","Pool","Pool",1,47.169084,7.3230668,"embankment",47.169156,7.323065,2022,5,"stream","medium","open","upper",3,1,5,217,212,105,0.976958525345622,"yes","upstream","Control 20 cm, Inflow 25 cm, Pool 50 cm, Outflow 10 cm"
"terrestrial",146,"Leugene","Pool_2","Pool","Pool",2,47.169009,7.3231161,"meadow",47.169156,7.323065,2022,5,"stream","medium","open","upper",3,1,5,217,212,105,0.976958525345622,"yes","upstream","Control 20 cm, Inflow 25 cm, Pool 50 cm, Outflow 10 cm"
"terrestrial",147,"Leugene","Outflow_1","Outflow","Outflow",1,47.169178,7.3233541,"embankment",47.169156,7.323065,2022,5,"stream","medium","open","upper",3,1,5,217,212,105,0.976958525345622,"yes","upstream","Control 20 cm, Inflow 25 cm, Pool 50 cm, Outflow 10 cm"
"terrestrial",148,"Leugene","Outflow_2","Outflow","Outflow",2,47.169088,7.3234038,"meadow",47.169156,7.323065,2022,5,"stream","medium","open","upper",3,1,5,217,212,105,0.976958525345622,"yes","upstream","Control 20 cm, Inflow 25 cm, Pool 50 cm, Outflow 10 cm"
"terrestrial",153,"Gaebelbach","Control_1","Control","Control",1,46.946011,7.3356266,"embankment",46.946125,7.343173,2022,5,"stream","medium","open","mid",1,2,7,117,170,56,1.45299145299145,"yes","downstream","Control 110 cm, Inflow 110 cm, Pool 20 cm, Outflow 100 cm"
"terrestrial",154,"Gaebelbach","Control_2","Control","Control",2,46.946173,7.3356212,"field",46.946125,7.343173,2022,5,"stream","medium","open","mid",1,2,7,117,170,56,1.45299145299145,"yes","downstream","Control 110 cm, Inflow 110 cm, Pool 20 cm, Outflow 100 cm"
"terrestrial",155,"Gaebelbach","Inflow_1","Inflow","Inflow",1,46.946183,7.342602,"forest",46.946125,7.343173,2022,5,"stream","medium","open","mid",1,2,7,117,170,56,1.45299145299145,"yes","downstream","Control 110 cm, Inflow 110 cm, Pool 20 cm, Outflow 100 cm"
"terrestrial",156,"Gaebelbach","Inflow_2","Inflow","Inflow",2,46.946295,7.342599,"forest",46.946125,7.343173,2022,5,"stream","medium","open","mid",1,2,7,117,170,56,1.45299145299145,"yes","downstream","Control 110 cm, Inflow 110 cm, Pool 20 cm, Outflow 100 cm"
"terrestrial",157,"Gaebelbach","Pool_1","Pool","Pool",1,46.946162,7.3431418,"forest",46.946125,7.343173,2022,5,"stream","medium","open","mid",1,2,7,117,170,56,1.45299145299145,"yes","downstream","Control 110 cm, Inflow 110 cm, Pool 20 cm, Outflow 100 cm"
"terrestrial",158,"Gaebelbach","Pool_2","Pool","Pool",2,46.946279,7.343175,"forest",46.946125,7.343173,2022,5,"stream","medium","open","mid",1,2,7,117,170,56,1.45299145299145,"yes","downstream","Control 110 cm, Inflow 110 cm, Pool 20 cm, Outflow 100 cm"
"terrestrial",159,"Gaebelbach","Outflow_1","Outflow","Outflow",1,46.946139,7.3435361,"forest",46.946125,7.343173,2022,5,"stream","medium","open","mid",1,2,7,117,170,56,1.45299145299145,"yes","downstream","Control 110 cm, Inflow 110 cm, Pool 20 cm, Outflow 100 cm"
"terrestrial",160,"Gaebelbach","Outflow_2","Outflow","Outflow",2,46.946275,7.3435495,"forest",46.946125,7.343173,2022,5,"stream","medium","open","mid",1,2,7,117,170,56,1.45299145299145,"yes","downstream","Control 110 cm, Inflow 110 cm, Pool 20 cm, Outflow 100 cm"
"terrestrial",165,"Weierbach","Control_1","Control","Control",1,47.16973,7.63332,"shrub",47.165841,7.625691,2022,11,"stream","small","open","mid",2,3,32,443,1282,118,2.89390519187359,"yes","upstream","Control 10 cm, Inflow 50 cm, Pool 5 cm, Outflow 30 cm"
"terrestrial",166,"Weierbach","Control_2","Control","Control",2,47.17021,7.63289,"meadow",47.165841,7.625691,2022,11,"stream","small","open","mid",2,3,32,443,1282,118,2.89390519187359,"yes","upstream","Control 10 cm, Inflow 50 cm, Pool 5 cm, Outflow 30 cm"
"terrestrial",167,"Weierbach","Inflow_1","Inflow","Inflow",1,47.166306,7.627127,"forest",47.165841,7.625691,2022,11,"stream","small","open","mid",2,3,32,443,1282,118,2.89390519187359,"yes","upstream","Control 10 cm, Inflow 50 cm, Pool 5 cm, Outflow 30 cm"
"terrestrial",168,"Weierbach","Inflow_2","Inflow","Inflow",2,47.166831,7.626838,"forest",47.165841,7.625691,2022,11,"stream","small","open","mid",2,3,32,443,1282,118,2.89390519187359,"yes","upstream","Control 10 cm, Inflow 50 cm, Pool 5 cm, Outflow 30 cm"
"terrestrial",169,"Weierbach","Pool_1","Pool","Pool",1,47.166004,7.6257041,"forest",47.165841,7.625691,2022,11,"stream","small","open","mid",2,3,32,443,1282,118,2.89390519187359,"yes","upstream","Control 10 cm, Inflow 50 cm, Pool 5 cm, Outflow 30 cm"
"terrestrial",170,"Weierbach","Pool_2","Pool","Pool",2,47.166414,7.6253689,"forest",47.165841,7.625691,2022,11,"stream","small","open","mid",2,3,32,443,1282,118,2.89390519187359,"yes","upstream","Control 10 cm, Inflow 50 cm, Pool 5 cm, Outflow 30 cm"
"terrestrial",171,"Weierbach","Outflow_1","Outflow","Outflow",1,47.165741,7.625333,"forest",47.165841,7.625691,2022,11,"stream","small","open","mid",2,3,32,443,1282,118,2.89390519187359,"yes","upstream","Control 10 cm, Inflow 50 cm, Pool 5 cm, Outflow 30 cm"
"terrestrial",172,"Weierbach","Outflow_2","Outflow","Outflow",2,47.166277,7.6250909,"forest",47.165841,7.625691,2022,11,"stream","small","open","mid",2,3,32,443,1282,118,2.89390519187359,"yes","upstream","Control 10 cm, Inflow 50 cm, Pool 5 cm, Outflow 30 cm"
"terrestrial",177,"Haslibach","Control_1","Control","Control",1,46.989526,7.2240011,"forest",46.994576,7.22699,2022,8,"ditch","small","Forest","mid",3,4,8,690,1549,339,2.24492753623188,"yes","upstream","Control 20 cm, Inflow 20 cm, Pool 8 cm, Outflow 8 cm"
"terrestrial",178,"Haslibach","Control_2","Control","Control",2,46.989566,7.2238596,"forest",46.994576,7.22699,2022,8,"ditch","small","Forest","mid",3,4,8,690,1549,339,2.24492753623188,"yes","upstream","Control 20 cm, Inflow 20 cm, Pool 8 cm, Outflow 8 cm"
"terrestrial",179,"Haslibach","Inflow_1","Inflow","Inflow",1,46.991644,7.2244936,"forest",46.994576,7.22699,2022,8,"ditch","small","Forest","mid",3,4,8,690,1549,339,2.24492753623188,"yes","upstream","Control 20 cm, Inflow 20 cm, Pool 8 cm, Outflow 8 cm"
"terrestrial",180,"Haslibach","Inflow_2","Inflow","Inflow",2,46.991749,7.2243317,"forest",46.994576,7.22699,2022,8,"ditch","small","Forest","mid",3,4,8,690,1549,339,2.24492753623188,"yes","upstream","Control 20 cm, Inflow 20 cm, Pool 8 cm, Outflow 8 cm"
"terrestrial",181,"Haslibach","Pool_1","Pool","Pool",1,46.994263,7.2267517,"forest",46.994576,7.22699,2022,8,"ditch","small","Forest","mid",3,4,8,690,1549,339,2.24492753623188,"yes","upstream","Control 20 cm, Inflow 20 cm, Pool 8 cm, Outflow 8 cm"
"terrestrial",182,"Haslibach","Pool_2","Pool","Pool",2,46.994287,7.2264865,"forest",46.994576,7.22699,2022,8,"ditch","small","Forest","mid",3,4,8,690,1549,339,2.24492753623188,"yes","upstream","Control 20 cm, Inflow 20 cm, Pool 8 cm, Outflow 8 cm"
"terrestrial",183,"Haslibach","Outflow_1","Outflow","Outflow",1,46.994524,7.2269857,"forest",46.994576,7.22699,2022,8,"ditch","small","Forest","mid",3,4,8,690,1549,339,2.24492753623188,"yes","upstream","Control 20 cm, Inflow 20 cm, Pool 8 cm, Outflow 8 cm"
"terrestrial",184,"Haslibach","Outflow_2","Outflow","Outflow",2,46.994541,7.2267386,"forest",46.994576,7.22699,2022,8,"ditch","small","Forest","mid",3,4,8,690,1549,339,2.24492753623188,"yes","upstream","Control 20 cm, Inflow 20 cm, Pool 8 cm, Outflow 8 cm"
"terrestrial",189,"Riedgrabe","Control_1","Control","Control",1,47.209973,7.7176908,"forest",47.204482,7.724176,2022,12,"ditch","small","Forest","upper",3,4,27,516,2149,118,4.16472868217054,"yes","downstream","Control 80 cm, Inflow 65 cm, Pool 50 cm, Outflow 35 cm"
"terrestrial",190,"Riedgrabe","Control_2","Control","Control",2,47.209658,7.7171705,"forest",47.204482,7.724176,2022,12,"ditch","small","Forest","upper",3,4,27,516,2149,118,4.16472868217054,"yes","downstream","Control 80 cm, Inflow 65 cm, Pool 50 cm, Outflow 35 cm"
"terrestrial",191,"Riedgrabe","Inflow_1","Inflow","Inflow",1,47.203947,7.7229778,"forest",47.204482,7.724176,2022,12,"ditch","small","Forest","upper",3,4,27,516,2149,118,4.16472868217054,"yes","downstream","Control 80 cm, Inflow 65 cm, Pool 50 cm, Outflow 35 cm"
"terrestrial",192,"Riedgrabe","Inflow_2","Inflow","Inflow",2,47.204385,7.7227146,"forest",47.204482,7.724176,2022,12,"ditch","small","Forest","upper",3,4,27,516,2149,118,4.16472868217054,"yes","downstream","Control 80 cm, Inflow 65 cm, Pool 50 cm, Outflow 35 cm"
"terrestrial",193,"Riedgrabe","Pool_1","Pool","Pool",1,47.204321,7.7240172,"forest",47.204482,7.724176,2022,12,"ditch","small","Forest","upper",3,4,27,516,2149,118,4.16472868217054,"yes","downstream","Control 80 cm, Inflow 65 cm, Pool 50 cm, Outflow 35 cm"
"terrestrial",194,"Riedgrabe","Pool_2","Pool","Pool",2,47.204284,7.723307,"forest",47.204482,7.724176,2022,12,"ditch","small","Forest","upper",3,4,27,516,2149,118,4.16472868217054,"yes","downstream","Control 80 cm, Inflow 65 cm, Pool 50 cm, Outflow 35 cm"
"terrestrial",195,"Riedgrabe","Outflow_1","Outflow","Outflow",1,47.204455,7.7240517,"forest",47.204482,7.724176,2022,12,"ditch","small","Forest","upper",3,4,27,516,2149,118,4.16472868217054,"yes","downstream","Control 80 cm, Inflow 65 cm, Pool 50 cm, Outflow 35 cm"
"terrestrial",196,"Riedgrabe","Outflow_2","Outflow","Outflow",2,47.204439,7.7234207,"forest",47.204482,7.724176,2022,12,"ditch","small","Forest","upper",3,4,27,516,2149,118,4.16472868217054,"yes","downstream","Control 80 cm, Inflow 65 cm, Pool 50 cm, Outflow 35 cm"
"terrestrial",201,"Coruz","Control_1","Control","Control",1,46.642441,6.6869508,"forest",46.637545,6.683462,2022,11,"stream","medium","Forest","upper",1,3,6,308,511,150,1.65909090909091,"yes","downstream","Control 1w0 cm, Inflow 2 cm, Pool 15 cm, Outflow 30 cm"
"terrestrial",202,"Coruz","Control_2","Control","Control",2,46.642343,6.6870694,"forest",46.637545,6.683462,2022,11,"stream","medium","Forest","upper",1,3,6,308,511,150,1.65909090909091,"yes","downstream","Control 1w0 cm, Inflow 2 cm, Pool 15 cm, Outflow 30 cm"
"terrestrial",203,"Coruz","Inflow_1","Inflow","Inflow",1,46.637788,6.6835326,"forest",46.637545,6.683462,2022,11,"stream","medium","Forest","upper",1,3,6,308,511,150,1.65909090909091,"yes","downstream","Control 1w0 cm, Inflow 2 cm, Pool 15 cm, Outflow 30 cm"
"terrestrial",204,"Coruz","Inflow_2","Inflow","Inflow",2,46.637668,6.6835802,"forest",46.637545,6.683462,2022,11,"stream","medium","Forest","upper",1,3,6,308,511,150,1.65909090909091,"yes","downstream","Control 1w0 cm, Inflow 2 cm, Pool 15 cm, Outflow 30 cm"
"terrestrial",205,"Coruz","Pool_1","Pool","Pool",1,46.638383,6.6838381,"forest",46.637545,6.683462,2022,11,"stream","medium","Forest","upper",1,3,6,308,511,150,1.65909090909091,"yes","downstream","Control 1w0 cm, Inflow 2 cm, Pool 15 cm, Outflow 30 cm"
"terrestrial",206,"Coruz","Pool_2","Pool","Pool",2,46.638303,6.6839702,"forest",46.637545,6.683462,2022,11,"stream","medium","Forest","upper",1,3,6,308,511,150,1.65909090909091,"yes","downstream","Control 1w0 cm, Inflow 2 cm, Pool 15 cm, Outflow 30 cm"
"terrestrial",207,"Coruz","Outflow_1","Outflow","Outflow",1,46.638585,6.684178,"forest",46.637545,6.683462,2022,11,"stream","medium","Forest","upper",1,3,6,308,511,150,1.65909090909091,"yes","downstream","Control 1w0 cm, Inflow 2 cm, Pool 15 cm, Outflow 30 cm"
"terrestrial",208,"Coruz","Outflow_2","Outflow","Outflow",2,46.638526,6.684293,"forest",46.637545,6.683462,2022,11,"stream","medium","Forest","upper",1,3,6,308,511,150,1.65909090909091,"yes","downstream","Control 1w0 cm, Inflow 2 cm, Pool 15 cm, Outflow 30 cm"
"terrestrial",213,"Talent","Control_1","Control","Control",1,46.583501,6.6818291,"forest",46.588417,6.681888,2022,5,"stream","medium","Forest","upper",1,3,12,353,855,169,2.42209631728045,"yes","upstream","Control 210 cm, Inflow 50 cm, Pool 20 cm, Outflow 50 cm"
"terrestrial",214,"Talent","Control_2","Control","Control",2,46.583777,6.6817862,"forest",46.588417,6.681888,2022,5,"stream","medium","Forest","upper",1,3,12,353,855,169,2.42209631728045,"yes","upstream","Control 210 cm, Inflow 50 cm, Pool 20 cm, Outflow 50 cm"
"terrestrial",215,"Talent","Inflow_1","Inflow","Inflow",1,46.586099,6.6814951,"forest",46.588417,6.681888,2022,5,"stream","medium","Forest","upper",1,3,12,353,855,169,2.42209631728045,"yes","upstream","Control 210 cm, Inflow 50 cm, Pool 20 cm, Outflow 50 cm"
"terrestrial",216,"Talent","Inflow_2","Inflow","Inflow",2,46.586249,6.6817801,"forest",46.588417,6.681888,2022,5,"stream","medium","Forest","upper",1,3,12,353,855,169,2.42209631728045,"yes","upstream","Control 210 cm, Inflow 50 cm, Pool 20 cm, Outflow 50 cm"
"terrestrial",217,"Talent","Pool_1","Pool","Pool",1,46.586815,6.6816326,"forest",46.588417,6.681888,2022,5,"stream","medium","Forest","upper",1,3,12,353,855,169,2.42209631728045,"yes","upstream","Control 210 cm, Inflow 50 cm, Pool 20 cm, Outflow 50 cm"
"terrestrial",218,"Talent","Pool_2","Pool","Pool",2,46.586744,6.6819246,"forest",46.588417,6.681888,2022,5,"stream","medium","Forest","upper",1,3,12,353,855,169,2.42209631728045,"yes","upstream","Control 210 cm, Inflow 50 cm, Pool 20 cm, Outflow 50 cm"
"terrestrial",219,"Talent","Outflow_1","Outflow","Outflow",1,46.58706,6.6817543,"forest",46.588417,6.681888,2022,5,"stream","medium","Forest","upper",1,3,12,353,855,169,2.42209631728045,"yes","upstream","Control 210 cm, Inflow 50 cm, Pool 20 cm, Outflow 50 cm"
"terrestrial",220,"Talent","Outflow_2","Outflow","Outflow",2,46.587063,6.682157,"forest",46.588417,6.681888,2022,5,"stream","medium","Forest","upper",1,3,12,353,855,169,2.42209631728045,"yes","upstream","Control 210 cm, Inflow 50 cm, Pool 20 cm, Outflow 50 cm"
"aquatic",97,"Tegel","Control_aquatic","Control","aquatic",0,47.5545,8.8619,"aquatic",47.55452,8.86189,2021,12,"stream","big","open","lower",2,1,6,382,728,187,1.90575916230367,"no, water mainly flowing","downstream","generally about 50 cm, steep board"
"aquatic",98,"Tegel","Inflow_aquatic","Inflow","aquatic",0,47.55273,8.85179,"aquatic",47.55452,8.86189,2021,12,"stream","big","open","lower",2,1,6,382,728,187,1.90575916230367,"no, water mainly flowing","downstream","generally about 50 cm, steep board"
"aquatic",99,"Tegel","Pool_aquatic","Pool","aquatic",0,47.55314,8.8542,"aquatic",47.55452,8.86189,2021,12,"stream","big","open","lower",2,1,6,382,728,187,1.90575916230367,"no, water mainly flowing","downstream","generally about 50 cm, steep board"
"aquatic",100,"Tegel","Outflow_aquatic","Outflow","aquatic",0,47.55314,8.85426,"aquatic",47.55452,8.86189,2021,12,"stream","big","open","lower",2,1,6,382,728,187,1.90575916230367,"no, water mainly flowing","downstream","generally about 50 cm, steep board"
"aquatic",101,"Gile","Control_aquatic","Control","aquatic",0,47.59417,8.76047,"aquatic",47.59317,8.75724,2021,5,"stream","medium","open","mid",3,2,2.5,59,57,27,0.966101694915254,"traces, water still dammed","upstream","generally about 20 cm, quite flat"
"aquatic",102,"Gile","Inflow_aquatic","Inflow","aquatic",0,47.5933,8.75766,"aquatic",47.59317,8.75724,2021,5,"stream","medium","open","mid",3,2,2.5,59,57,27,0.966101694915254,"traces, water still dammed","upstream","generally about 20 cm, quite flat"
"aquatic",103,"Gile","Pool_aquatic","Pool","aquatic",0,47.5932,8.75734,"aquatic",47.59317,8.75724,2021,5,"stream","medium","open","mid",3,2,2.5,59,57,27,0.966101694915254,"traces, water still dammed","upstream","generally about 20 cm, quite flat"
"aquatic",104,"Gile","Outflow_aquatic","Outflow","aquatic",0,47.59317,8.75724,"aquatic",47.59317,8.75724,2021,5,"stream","medium","open","mid",3,2,2.5,59,57,27,0.966101694915254,"traces, water still dammed","upstream","generally about 20 cm, quite flat"
"aquatic",105,"Ellikon","Control_aquatic","Control","aquatic",0,47.55402,8.80721,"aquatic",47.55402,8.80721,2021,8,"stream","medium","open","mid",3,1,6,232,451,110,1.94396551724138,"yes","upstream","elevated about 50 cm higher throughout site, break-off edge"
"aquatic",106,"Ellikon","Inflow_aquatic","Inflow","aquatic",0,47.55571,8.80977,"aquatic",47.55402,8.80721,2021,8,"stream","medium","open","mid",3,1,6,232,451,110,1.94396551724138,"yes","upstream","elevated about 50 cm higher throughout site, break-off edge"
"aquatic",107,"Ellikon","Pool_aquatic","Pool","aquatic",0,47.55624,8.81095,"aquatic",47.55402,8.80721,2021,8,"stream","medium","open","mid",3,1,6,232,451,110,1.94396551724138,"yes","upstream","elevated about 50 cm higher throughout site, break-off edge"
"aquatic",108,"Ellikon","Outflow_aquatic","Outflow","aquatic",0,47.55639,8.81125,"aquatic",47.55402,8.80721,2021,8,"stream","medium","open","mid",3,1,6,232,451,110,1.94396551724138,"yes","upstream","elevated about 50 cm higher throughout site, break-off edge"
"aquatic",109,"Hemishofen","Control_aquatic","Control","aquatic",0,47.68428,8.84101,"aquatic",47.68361,8.84713,2021,14,"stream","medium","open","upper",2,2,13,151,249,62,1.64900662251656,"main dam broken","downstream","Inflow, Pool 50 cm, Outflow 30 cm, Control 30 cm"
"aquatic",110,"Hemishofen","Inflow_aquatic","Inflow","aquatic",0,47.68255,8.846595,"aquatic",47.68361,8.84713,2021,14,"stream","medium","open","upper",2,2,13,151,249,62,1.64900662251656,"main dam broken","downstream","Inflow, Pool 50 cm, Outflow 30 cm, Control 30 cm"
"aquatic",111,"Hemishofen","Pool_aquatic","Pool","aquatic",0,47.68296,8.84695,"aquatic",47.68361,8.84713,2021,14,"stream","medium","open","upper",2,2,13,151,249,62,1.64900662251656,"main dam broken","downstream","Inflow, Pool 50 cm, Outflow 30 cm, Control 30 cm"
"aquatic",112,"Hemishofen","Outflow_aquatic","Outflow","aquatic",0,47.68317,8.84658,"aquatic",47.68361,8.84713,2021,14,"stream","medium","open","upper",2,2,13,151,249,62,1.64900662251656,"main dam broken","downstream","Inflow, Pool 50 cm, Outflow 30 cm, Control 30 cm"
"aquatic",113,"Nider","Control_aquatic","Control","aquatic",0,47.60548,8.62665,"aquatic",47.60543,8.62667,2021,12,"stream","medium","Forest","mid",1,4,30,1550,30231,646,19.5038709677419,"traces, water still dammed","downstream","Outflow 50 cm, Pool 5 cm, Inflow + Control about 40 cm"
"aquatic",114,"Nider","Inflow_aquatic","Inflow","aquatic",0,47.61496,8.62811,"aquatic",47.60543,8.62667,2021,12,"stream","medium","Forest","mid",1,4,30,1550,30231,646,19.5038709677419,"traces, water still dammed","downstream","Outflow 50 cm, Pool 5 cm, Inflow + Control about 40 cm"
"aquatic",115,"Nider","Pool_aquatic","Pool","aquatic",0,47.60943,8.62781,"aquatic",47.60543,8.62667,2021,12,"stream","medium","Forest","mid",1,4,30,1550,30231,646,19.5038709677419,"traces, water still dammed","downstream","Outflow 50 cm, Pool 5 cm, Inflow + Control about 40 cm"
"aquatic",116,"Nider","Outflow_aquatic","Outflow","aquatic",0,47.60901,8.62761,"aquatic",47.60543,8.62667,2021,12,"stream","medium","Forest","mid",1,4,30,1550,30231,646,19.5038709677419,"traces, water still dammed","downstream","Outflow 50 cm, Pool 5 cm, Inflow + Control about 40 cm"
"aquatic",117,"Logge","Control_aquatic","Control","aquatic",0,47.62335,9.18276,"aquatic",47.62019,9.18029,2021,9,"ditch","small","Forest","mid",3,4,4,967,5781,397,5.97828335056877,"yes","downstream","Control within the river bed, ca 50 cm, Outflow already slope 75 cm, Pool + Inflow 20 cm"
"aquatic",118,"Logge","Inflow_aquatic","Inflow","aquatic",0,47.61746,9.17642,"aquatic",47.62019,9.18029,2021,9,"ditch","small","Forest","mid",3,4,4,967,5781,397,5.97828335056877,"yes","downstream","Control within the river bed, ca 50 cm, Outflow already slope 75 cm, Pool + Inflow 20 cm"
"aquatic",119,"Logge","Pool_aquatic","Pool","aquatic",0,47.61958,9.1805,"aquatic",47.62019,9.18029,2021,9,"ditch","small","Forest","mid",3,4,4,967,5781,397,5.97828335056877,"yes","downstream","Control within the river bed, ca 50 cm, Outflow already slope 75 cm, Pool + Inflow 20 cm"
"aquatic",120,"Logge","Outflow_aquatic","Outflow","aquatic",0,47.62013,9.18057,"aquatic",47.62019,9.18029,2021,9,"ditch","small","Forest","mid",3,4,4,967,5781,397,5.97828335056877,"yes","downstream","Control within the river bed, ca 50 cm, Outflow already slope 75 cm, Pool + Inflow 20 cm"
"aquatic",121,"Rot","Control_aquatic","Control","aquatic",0,47.08985,7.77283,"aquatic",47.08982,7.77282,2021,4,"stream","small","Forest","lower",2,3,11,133,212,62,1.59398496240602,"traces, water mainly flowing","upstream","elevated about 75cm with break-off edge"
"aquatic",122,"Rot","Inflow_aquatic","Inflow","aquatic",0,47.08693,7.76556,"aquatic",47.08982,7.77282,2021,4,"stream","small","Forest","lower",2,3,11,133,212,62,1.59398496240602,"traces, water mainly flowing","upstream","elevated about 75cm with break-off edge"
"aquatic",123,"Rot","Pool_aquatic","Pool","aquatic",0,47.0872,7.76627,"aquatic",47.08982,7.77282,2021,4,"stream","small","Forest","lower",2,3,11,133,212,62,1.59398496240602,"traces, water mainly flowing","upstream","elevated about 75cm with break-off edge"
"aquatic",124,"Rot","Outflow_aquatic","Outflow","aquatic",0,47.08733,7.76654,"aquatic",47.08982,7.77282,2021,4,"stream","small","Forest","lower",2,3,11,133,212,62,1.59398496240602,"traces, water mainly flowing","upstream","elevated about 75cm with break-off edge"
"aquatic",125,"Biber","Control_aquatic","Control","aquatic",0,47.69094,8.81498,"aquatic",47.69095,8.81503,2021,5,"stream","medium","Forest","mid",3,3,3,279,935,129,3.35125448028674,"no, water flowing","upstream","elevated, Control 180 cm, Inflow 70 cm, Pool 50 cm, Outflow 20 cm"
"aquatic",126,"Biber","Inflow_aquatic","Inflow","aquatic",0,47.68796,8.81473,"aquatic",47.69095,8.81503,2021,5,"stream","medium","Forest","mid",3,3,3,279,935,129,3.35125448028674,"no, water flowing","upstream","elevated, Control 180 cm, Inflow 70 cm, Pool 50 cm, Outflow 20 cm"
"aquatic",127,"Biber","Pool_aquatic","Pool","aquatic",0,47.68684,8.81414,"aquatic",47.69095,8.81503,2021,5,"stream","medium","Forest","mid",3,3,3,279,935,129,3.35125448028674,"no, water flowing","upstream","elevated, Control 180 cm, Inflow 70 cm, Pool 50 cm, Outflow 20 cm"
"aquatic",128,"Biber","Outflow_aquatic","Outflow","aquatic",0,47.68669,8.81407,"aquatic",47.69095,8.81503,2021,5,"stream","medium","Forest","mid",3,3,3,279,935,129,3.35125448028674,"no, water flowing","upstream","elevated, Control 180 cm, Inflow 70 cm, Pool 50 cm, Outflow 20 cm"
"aquatic",137,"Chriesbach","Control_aquatic","Control","aquatic",0,47.40669,8.62211,"aquatic",47.408407,8.628318,2022,4,"stream","big","open","lower",3,1,8,660,2202,225,3.33636363636364,"yes","downstream","Control 30 cm, Inflow 5 cm, Pool 5 cm, Outflow 40 cm"
"aquatic",138,"Chriesbach","Inflow_aquatic","Inflow","aquatic",0,47.41038,8.62876,"aquatic",47.408407,8.628318,2022,4,"stream","big","open","lower",3,1,8,660,2202,225,3.33636363636364,"yes","downstream","Control 30 cm, Inflow 5 cm, Pool 5 cm, Outflow 40 cm"
"aquatic",139,"Chriesbach","Pool_aquatic","Pool","aquatic",0,47.40856,8.62854,"aquatic",47.408407,8.628318,2022,4,"stream","big","open","lower",3,1,8,660,2202,225,3.33636363636364,"yes","downstream","Control 30 cm, Inflow 5 cm, Pool 5 cm, Outflow 40 cm"
"aquatic",140,"Chriesbach","Outflow_aquatic","Outflow","aquatic",0,47.40833,8.62811,"aquatic",47.408407,8.628318,2022,4,"stream","big","open","lower",3,1,8,660,2202,225,3.33636363636364,"yes","downstream","Control 30 cm, Inflow 5 cm, Pool 5 cm, Outflow 40 cm"
"aquatic",149,"Leugene","Control_aquatic","Control","aquatic",0,47.1708,7.32941,"aquatic",47.169156,7.323065,2022,5,"stream","medium","open","upper",3,1,5,217,212,105,0.976958525345622,"yes","upstream","Control 20 cm, Inflow 25 cm, Pool 50 cm, Outflow 10 cm"
"aquatic",150,"Leugene","Inflow_aquatic","Inflow","aquatic",0,47.16878,7.32175,"aquatic",47.169156,7.323065,2022,5,"stream","medium","open","upper",3,1,5,217,212,105,0.976958525345622,"yes","upstream","Control 20 cm, Inflow 25 cm, Pool 50 cm, Outflow 10 cm"
"aquatic",151,"Leugene","Pool_aquatic","Pool","aquatic",0,47.16913,7.32305,"aquatic",47.169156,7.323065,2022,5,"stream","medium","open","upper",3,1,5,217,212,105,0.976958525345622,"yes","upstream","Control 20 cm, Inflow 25 cm, Pool 50 cm, Outflow 10 cm"
"aquatic",152,"Leugene","Outflow_aquatic","Outflow","aquatic",0,47.16921,7.32334,"aquatic",47.169156,7.323065,2022,5,"stream","medium","open","upper",3,1,5,217,212,105,0.976958525345622,"yes","upstream","Control 20 cm, Inflow 25 cm, Pool 50 cm, Outflow 10 cm"
"aquatic",161,"Gaebelbach","Control_aquatic","Control","aquatic",0,46.946,7.33562,"aquatic",46.946125,7.343173,2022,5,"stream","medium","open","mid",1,2,7,117,170,56,1.45299145299145,"yes","downstream","Control 110 cm, Inflow 110 cm, Pool 20 cm, Outflow 100 cm"
"aquatic",162,"Gaebelbach","Inflow_aquatic","Inflow","aquatic",0,46.94614,7.3426,"aquatic",46.946125,7.343173,2022,5,"stream","medium","open","mid",1,2,7,117,170,56,1.45299145299145,"yes","downstream","Control 110 cm, Inflow 110 cm, Pool 20 cm, Outflow 100 cm"
"aquatic",163,"Gaebelbach","Pool_aquatic","Pool","aquatic",0,46.94615,7.34314,"aquatic",46.946125,7.343173,2022,5,"stream","medium","open","mid",1,2,7,117,170,56,1.45299145299145,"yes","downstream","Control 110 cm, Inflow 110 cm, Pool 20 cm, Outflow 100 cm"
"aquatic",164,"Gaebelbach","Outflow_aquatic","Outflow","aquatic",0,46.94613,7.34354,"aquatic",46.946125,7.343173,2022,5,"stream","medium","open","mid",1,2,7,117,170,56,1.45299145299145,"yes","downstream","Control 110 cm, Inflow 110 cm, Pool 20 cm, Outflow 100 cm"
"aquatic",173,"Weierbach","Control_aquatic","Control","aquatic",0,47.16973,7.63333,"aquatic",47.165841,7.625691,2022,11,"stream","small","open","mid",2,3,32,443,1282,118,2.89390519187359,"yes","upstream","Control 10 cm, Inflow 50 cm, Pool 5 cm, Outflow 30 cm"
"aquatic",174,"Weierbach","Inflow_aquatic","Inflow","aquatic",0,47.16628,7.62715,"aquatic",47.165841,7.625691,2022,11,"stream","small","open","mid",2,3,32,443,1282,118,2.89390519187359,"yes","upstream","Control 10 cm, Inflow 50 cm, Pool 5 cm, Outflow 30 cm"
"aquatic",175,"Weierbach","Pool_aquatic","Pool","aquatic",0,47.16598,7.62571,"aquatic",47.165841,7.625691,2022,11,"stream","small","open","mid",2,3,32,443,1282,118,2.89390519187359,"yes","upstream","Control 10 cm, Inflow 50 cm, Pool 5 cm, Outflow 30 cm"
"aquatic",176,"Weierbach","Outflow_aquatic","Outflow","aquatic",0,47.16573,7.62534,"aquatic",47.165841,7.625691,2022,11,"stream","small","open","mid",2,3,32,443,1282,118,2.89390519187359,"yes","upstream","Control 10 cm, Inflow 50 cm, Pool 5 cm, Outflow 30 cm"
"aquatic",185,"Haslibach","Control_aquatic","Control","aquatic",0,46.98953,7.22402,"aquatic",46.994576,7.22699,2022,8,"ditch","small","Forest","mid",3,4,8,690,1549,339,2.24492753623188,"yes","upstream","Control 20 cm, Inflow 20 cm, Pool 8 cm, Outflow 8 cm"
"aquatic",186,"Haslibach","Inflow_aquatic","Inflow","aquatic",0,46.99164,7.22451,"aquatic",46.994576,7.22699,2022,8,"ditch","small","Forest","mid",3,4,8,690,1549,339,2.24492753623188,"yes","upstream","Control 20 cm, Inflow 20 cm, Pool 8 cm, Outflow 8 cm"
"aquatic",187,"Haslibach","Pool_aquatic","Pool","aquatic",0,46.99426,7.22678,"aquatic",46.994576,7.22699,2022,8,"ditch","small","Forest","mid",3,4,8,690,1549,339,2.24492753623188,"yes","upstream","Control 20 cm, Inflow 20 cm, Pool 8 cm, Outflow 8 cm"
"aquatic",188,"Haslibach","Outflow_aquatic","Outflow","aquatic",0,46.99453,7.227,"aquatic",46.994576,7.22699,2022,8,"ditch","small","Forest","mid",3,4,8,690,1549,339,2.24492753623188,"yes","upstream","Control 20 cm, Inflow 20 cm, Pool 8 cm, Outflow 8 cm"
"aquatic",197,"Riedgrabe","Control_aquatic","Control","aquatic",0,47.20999,7.7177,"aquatic",47.204482,7.724176,2022,12,"ditch","small","Forest","upper",3,4,27,516,2149,118,4.16472868217054,"yes","downstream","Control 80 cm, Inflow 65 cm, Pool 50 cm, Outflow 35 cm"
"aquatic",198,"Riedgrabe","Inflow_aquatic","Inflow","aquatic",0,47.20393,7.72298,"aquatic",47.204482,7.724176,2022,12,"ditch","small","Forest","upper",3,4,27,516,2149,118,4.16472868217054,"yes","downstream","Control 80 cm, Inflow 65 cm, Pool 50 cm, Outflow 35 cm"
"aquatic",199,"Riedgrabe","Pool_aquatic","Pool","aquatic",0,47.20432,7.72403,"aquatic",47.204482,7.724176,2022,12,"ditch","small","Forest","upper",3,4,27,516,2149,118,4.16472868217054,"yes","downstream","Control 80 cm, Inflow 65 cm, Pool 50 cm, Outflow 35 cm"
"aquatic",200,"Riedgrabe","Outflow_aquatic","Outflow","aquatic",0,47.20446,7.72407,"aquatic",47.204482,7.724176,2022,12,"ditch","small","Forest","upper",3,4,27,516,2149,118,4.16472868217054,"yes","downstream","Control 80 cm, Inflow 65 cm, Pool 50 cm, Outflow 35 cm"
"aquatic",209,"Coruz","Control_aquatic","Control","aquatic",0,46.64245,6.68728,"aquatic",46.637545,6.683462,2022,11,"stream","medium","Forest","upper",1,3,6,308,511,150,1.65909090909091,"yes","downstream","Control 1w0 cm, Inflow 2 cm, Pool 15 cm, Outflow 30 cm"
"aquatic",210,"Coruz","Inflow_aquatic","Inflow","aquatic",0,46.63781,6.68352,"aquatic",46.637545,6.683462,2022,11,"stream","medium","Forest","upper",1,3,6,308,511,150,1.65909090909091,"yes","downstream","Control 1w0 cm, Inflow 2 cm, Pool 15 cm, Outflow 30 cm"
"aquatic",211,"Coruz","Pool_aquatic","Pool","aquatic",0,46.6384,6.68383,"aquatic",46.637545,6.683462,2022,11,"stream","medium","Forest","upper",1,3,6,308,511,150,1.65909090909091,"yes","downstream","Control 1w0 cm, Inflow 2 cm, Pool 15 cm, Outflow 30 cm"
"aquatic",212,"Coruz","Outflow_aquatic","Outflow","aquatic",0,46.6386,6.68417,"aquatic",46.637545,6.683462,2022,11,"stream","medium","Forest","upper",1,3,6,308,511,150,1.65909090909091,"yes","downstream","Control 1w0 cm, Inflow 2 cm, Pool 15 cm, Outflow 30 cm"
"aquatic",221,"Talent","Control_aquatic","Control","aquatic",0,46.5835,6.68183,"aquatic",46.588417,6.681888,2022,5,"stream","medium","Forest","upper",1,3,12,353,855,169,2.42209631728045,"yes","upstream","Control 210 cm, Inflow 50 cm, Pool 20 cm, Outflow 50 cm"
"aquatic",222,"Talent","Inflow_aquatic","Inflow","aquatic",0,46.58611,6.68147,"aquatic",46.588417,6.681888,2022,5,"stream","medium","Forest","upper",1,3,12,353,855,169,2.42209631728045,"yes","upstream","Control 210 cm, Inflow 50 cm, Pool 20 cm, Outflow 50 cm"
"aquatic",223,"Talent","Pool_aquatic","Pool","aquatic",0,46.58682,6.68161,"aquatic",46.588417,6.681888,2022,5,"stream","medium","Forest","upper",1,3,12,353,855,169,2.42209631728045,"yes","upstream","Control 210 cm, Inflow 50 cm, Pool 20 cm, Outflow 50 cm"
"aquatic",224,"Talent","Outflow_aquatic","Outflow","aquatic",0,46.58707,6.68174,"aquatic",46.588417,6.681888,2022,5,"stream","medium","Forest","upper",1,3,12,353,855,169,2.42209631728045,"yes","upstream","Control 210 cm, Inflow 50 cm, Pool 20 cm, Outflow 50 cm"
